{
    "accuracy": 0.5998146677257082,
    "confusion_matrix": [
        [
            7119,
            1107,
            10
        ],
        [
            3280,
            1917,
            33
        ],
        [
            1002,
            614,
            26
        ]
    ],
    "classification_report": {
        "0": {
            "precision": 0.6244189106218753,
            "recall": 0.8643759106362312,
            "f1-score": 0.7250598360238326,
            "support": 8236.0
        },
        "1": {
            "precision": 0.5269378779549203,
            "recall": 0.36653919694072656,
            "f1-score": 0.43234100135318,
            "support": 5230.0
        },
        "2": {
            "precision": 0.37681159420289856,
            "recall": 0.015834348355663823,
            "f1-score": 0.030391583869082407,
            "support": 1642.0
        },
        "accuracy": 0.5998146677257082,
        "macro avg": {
            "precision": 0.5093894609265647,
            "recall": 0.41558315197754053,
            "f1-score": 0.3959308070820317,
            "support": 15108.0
        },
        "weighted avg": {
            "precision": 0.5637625024667168,
            "recall": 0.5998146677257082,
            "f1-score": 0.5482287018323041,
            "support": 15108.0
        }
    },
    "num_samples_evaluated": 15108,
    "labels_in_evaluation": [
        0,
        1,
        2
    ]
}